S,K,T,r,q,call_prijs,put_prijs,iv_markt,iv_clean
4500.0,4000.0,0.08333333333333333,0.03,0.015,505.4766,1.1106,0.1872,0.1866
4500.0,4100.0,0.08333333333333333,0.03,0.015,407.4937,2.878,0.1781,0.1802
4500.0,4200.0,0.08333333333333333,0.03,0.015,313.2321,8.3667,0.1758,0.1743
4500.0,4300.0,0.08333333333333333,0.03,0.015,225.0848,19.9697,0.171,0.1691
4500.0,4400.0,0.08333333333333333,0.03,0.015,145.3041,39.9393,0.1605,0.1644
4500.0,4450.0,0.08333333333333333,0.03,0.015,112.8241,57.3345,0.1596,0.1623
4500.0,4500.0,0.08333333333333333,0.03,0.015,85.8408,80.2263,0.1605,0.1602
4500.0,4550.0,0.08333333333333333,0.03,0.015,61.7735,106.0341,0.1577,0.1583
4500.0,4600.0,0.08333333333333333,0.03,0.015,43.2388,137.3747,0.1565,0.1565
4500.0,4700.0,0.08333333333333333,0.03,0.015,17.8695,211.7557,0.1516,0.1533
4500.0,4800.0,0.08333333333333333,0.03,0.015,6.8359,300.4723,0.1522,0.1505
4500.0,4900.0,0.08333333333333333,0.03,0.015,2.0001,395.3869,0.1496,0.1481
4500.0,5000.0,0.08333333333333333,0.03,0.015,0.4422,493.5793,0.1461,0.146
4500.0,4000.0,0.16666666666666666,0.03,0.015,517.9601,9.2459,0.1933,0.1911
4500.0,4100.0,0.16666666666666666,0.03,0.015,425.3483,16.1354,0.186,0.1851
4500.0,4200.0,0.16666666666666666,0.03,0.015,336.7458,27.0342,0.178,0.1797
4500.0,4300.0,0.16666666666666666,0.03,0.015,257.5312,47.3208,0.1757,0.1749
4500.0,4400.0,0.16666666666666666,0.03,0.015,185.1154,74.4063,0.1688,0.1707
4500.0,4450.0,0.16666666666666666,0.03,0.015,156.6557,95.6972,0.1705,0.1688
4500.0,4500.0,0.16666666666666666,0.03,0.015,127.4987,116.2908,0.1669,0.167
4500.0,4550.0,0.16666666666666666,0.03,0.015,102.7527,141.2955,0.1649,0.1653
4500.0,4600.0,0.16666666666666666,0.03,0.015,80.8122,169.1055,0.1623,0.1637
4500.0,4700.0,0.16666666666666666,0.03,0.015,50.2886,238.0832,0.1633,0.1609
4500.0,4800.0,0.16666666666666666,0.03,0.015,26.8123,314.1082,0.1582,0.1585
4500.0,4900.0,0.16666666666666666,0.03,0.015,13.4885,400.2856,0.1556,0.1565
4500.0,5000.0,0.16666666666666666,0.03,0.015,6.358,492.6564,0.1541,0.1548
4500.0,4000.0,0.25,0.03,0.015,533.8433,20.7989,0.1946,0.1936
4500.0,4100.0,0.25,0.03,0.015,445.7034,31.9118,0.1887,0.188
4500.0,4200.0,0.25,0.03,0.015,363.0196,48.4808,0.1839,0.183
4500.0,4300.0,0.25,0.03,0.015,287.2079,71.9219,0.1795,0.1786
4500.0,4400.0,0.25,0.03,0.015,222.7407,106.7076,0.1791,0.1748
4500.0,4450.0,0.25,0.03,0.015,188.3104,121.9036,0.1722,0.173
4500.0,4500.0,0.25,0.03,0.015,160.5706,143.7903,0.1704,0.1714
4500.0,4550.0,0.25,0.03,0.015,135.127,167.973,0.1683,0.1699
4500.0,4600.0,0.25,0.03,0.015,115.4149,197.8874,0.1697,0.1685
4500.0,4700.0,0.25,0.03,0.015,79.4272,261.1525,0.1683,0.166
4500.0,4800.0,0.25,0.03,0.015,50.2538,331.2319,0.1637,0.164
4500.0,4900.0,0.25,0.03,0.015,30.4227,410.6535,0.1606,0.1623
4500.0,5000.0,0.25,0.03,0.015,18.015,497.4986,0.1593,0.161
4500.0,4000.0,0.5,0.03,0.015,584.4231,58.4946,0.1968,0.1955
4500.0,4100.0,0.5,0.03,0.015,504.4005,76.9832,0.1923,0.1908
4500.0,4200.0,0.5,0.03,0.015,428.8693,99.9632,0.1878,0.1867
4500.0,4300.0,0.5,0.03,0.015,356.8412,126.4463,0.1818,0.1831
4500.0,4400.0,0.5,0.03,0.015,296.07,164.1863,0.1806,0.1801
4500.0,4450.0,0.5,0.03,0.015,267.0257,184.3976,0.179,0.1788
4500.0,4500.0,0.5,0.03,0.015,240.3349,206.9623,0.178,0.1775
4500.0,4550.0,0.5,0.03,0.015,216.8779,232.761,0.1782,0.1764
4500.0,4600.0,0.5,0.03,0.015,191.9919,257.1306,0.1759,0.1754
4500.0,4700.0,0.5,0.03,0.015,152.0648,315.7147,0.1751,0.1737
4500.0,4800.0,0.5,0.03,0.015,116.5291,378.6902,0.1726,0.1724
4500.0,4900.0,0.5,0.03,0.015,89.3985,450.0708,0.1721,0.1715
4500.0,5000.0,0.5,0.03,0.015,68.0922,527.2756,0.1722,0.1709
4500.0,4000.0,1.0,0.03,0.015,664.686,113.4644,0.1907,0.1936
4500.0,4100.0,1.0,0.03,0.015,594.1911,140.014,0.1892,0.1898
4500.0,4200.0,1.0,0.03,0.015,524.7047,167.5722,0.1856,0.1866
4500.0,4300.0,1.0,0.03,0.015,459.9248,199.8369,0.1825,0.1838
4500.0,4400.0,1.0,0.03,0.015,402.039,238.9956,0.181,0.1816
4500.0,4450.0,1.0,0.03,0.015,380.5929,266.0718,0.1836,0.1806
4500.0,4500.0,1.0,0.03,0.015,346.259,280.2602,0.1781,0.1798
4500.0,4550.0,1.0,0.03,0.015,327.8596,310.3831,0.181,0.1791
4500.0,4600.0,1.0,0.03,0.015,295.0424,326.0882,0.1751,0.1784
4500.0,4700.0,1.0,0.03,0.015,256.8726,384.9628,0.1768,0.1775
4500.0,4800.0,1.0,0.03,0.015,220.8657,446.0005,0.1773,0.1769
4500.0,4900.0,1.0,0.03,0.015,189.4252,511.6046,0.1779,0.1767
4500.0,5000.0,1.0,0.03,0.015,161.4355,580.6594,0.1783,0.1768
4500.0,4000.0,1.5,0.03,0.015,742.0386,166.148,0.1939,0.1923
4500.0,4100.0,1.5,0.03,0.015,668.3724,188.0815,0.1881,0.1888
4500.0,4200.0,1.5,0.03,0.015,602.0934,217.4022,0.1849,0.1859
4500.0,4300.0,1.5,0.03,0.015,545.7011,256.6097,0.1851,0.1834
4500.0,4400.0,1.5,0.03,0.015,484.4728,290.9812,0.1811,0.1815
4500.0,4450.0,1.5,0.03,0.015,453.1405,307.4488,0.1781,0.1807
4500.0,4500.0,1.5,0.03,0.015,428.0105,330.1186,0.1777,0.18
4500.0,4550.0,1.5,0.03,0.015,404.3631,354.2711,0.1776,0.1794
4500.0,4600.0,1.5,0.03,0.015,387.0303,384.7381,0.1799,0.1789
4500.0,4700.0,1.5,0.03,0.015,342.2119,435.5195,0.1785,0.1782
4500.0,4800.0,1.5,0.03,0.015,305.6836,494.5909,0.1793,0.1779
4500.0,4900.0,1.5,0.03,0.015,266.2749,550.782,0.1771,0.178
4500.0,5000.0,1.5,0.03,0.015,238.0752,618.182,0.1787,0.1784
4500.0,4000.0,2.0,0.03,0.015,804.1222,204.1754,0.193,0.1918
4500.0,4100.0,2.0,0.03,0.015,732.9488,227.1785,0.1878,0.1884
4500.0,4200.0,2.0,0.03,0.015,672.4707,260.8768,0.1865,0.1855
4500.0,4300.0,2.0,0.03,0.015,607.6881,290.2707,0.1819,0.1832
4500.0,4400.0,2.0,0.03,0.015,553.2189,329.9779,0.1807,0.1814
4500.0,4450.0,2.0,0.03,0.015,526.7771,350.6244,0.1799,0.1806
4500.0,4500.0,2.0,0.03,0.015,497.5737,368.5092,0.1776,0.18
4500.0,4550.0,2.0,0.03,0.015,481.3954,399.4191,0.1804,0.1795
4500.0,4600.0,2.0,0.03,0.015,453.5494,418.6614,0.1781,0.179
4500.0,4700.0,2.0,0.03,0.015,412.5529,471.8413,0.1785,0.1785
4500.0,4800.0,2.0,0.03,0.015,375.5286,528.9935,0.1792,0.1783
4500.0,4900.0,2.0,0.03,0.015,339.8716,587.513,0.1793,0.1784
4500.0,5000.0,2.0,0.03,0.015,309.0843,650.902,0.1802,0.1789
