S,K,T,r,q,call_prijs,put_prijs,echte_iv
100.0,80.0,0.08333333333333333,0.05,0.02,20.1663,0.0002,0.2171
100.0,85.0,0.08333333333333333,0.05,0.02,15.1911,0.0042,0.2045
100.0,90.0,0.08333333333333333,0.05,0.02,10.2636,0.0559,0.1947
100.0,95.0,0.08333333333333333,0.05,0.02,5.6696,0.4411,0.1872
100.0,100.0,0.08333333333333333,0.05,0.02,2.2128,1.9636,0.1817
100.0,105.0,0.08333333333333333,0.05,0.02,0.5255,5.2554,0.1779
100.0,110.0,0.08333333333333333,0.05,0.02,0.07,9.7792,0.1756
100.0,115.0,0.08333333333333333,0.05,0.02,0.0053,14.6937,0.1747
100.0,120.0,0.08333333333333333,0.05,0.02,0.0003,19.6678,0.1749
100.0,80.0,0.25,0.05,0.02,20.5535,0.0585,0.2173
100.0,85.0,0.25,0.05,0.02,15.7489,0.1918,0.2056
100.0,90.0,0.25,0.05,0.02,11.1944,0.5752,0.1965
100.0,95.0,0.25,0.05,0.02,7.1782,1.4969,0.1898
100.0,100.0,0.25,0.05,0.02,4.0405,3.2971,0.185
100.0,105.0,0.25,0.05,0.02,1.9612,6.1556,0.1819
100.0,110.0,0.25,0.05,0.02,0.8198,9.9521,0.1803
100.0,115.0,0.25,0.05,0.02,0.3,14.3702,0.18
100.0,120.0,0.25,0.05,0.02,0.0992,19.1072,0.1808
100.0,80.0,0.5,0.05,0.02,21.3411,0.3609,0.2185
100.0,85.0,0.5,0.05,0.02,16.8365,0.7329,0.2078
100.0,90.0,0.5,0.05,0.02,12.6668,1.4398,0.1997
100.0,95.0,0.5,0.05,0.02,9.0123,2.6617,0.1939
100.0,100.0,0.5,0.05,0.02,6.0327,4.5587,0.19
100.0,105.0,0.5,0.05,0.02,3.8001,7.2027,0.1878
100.0,110.0,0.5,0.05,0.02,2.2672,10.5463,0.1869
100.0,115.0,0.5,0.05,0.02,1.2968,14.4524,0.1874
100.0,120.0,0.5,0.05,0.02,0.7224,18.7546,0.1889
100.0,80.0,1.0,0.05,0.02,23.1513,1.2298,0.2231
100.0,85.0,1.0,0.05,0.02,19.071,1.9057,0.2139
100.0,90.0,1.0,0.05,0.02,15.3337,2.9245,0.2072
100.0,95.0,1.0,0.05,0.02,12.0307,4.3776,0.2027
100.0,100.0,1.0,0.05,0.02,9.227,6.3301,0.2
100.0,105.0,1.0,0.05,0.02,6.9447,8.8039,0.1989
100.0,110.0,1.0,0.05,0.02,5.1588,11.7742,0.1992
100.0,115.0,1.0,0.05,0.02,3.8086,15.1801,0.2007
100.0,120.0,1.0,0.05,0.02,2.8148,18.9425,0.2033
100.0,80.0,2.0,0.05,0.02,26.7999,3.1079,0.238
100.0,85.0,2.0,0.05,0.02,23.2458,4.078,0.2301
100.0,90.0,2.0,0.05,0.02,19.9962,5.3526,0.2248
100.0,95.0,2.0,0.05,0.02,17.0879,6.9686,0.2215
100.0,100.0,2.0,0.05,0.02,14.5413,8.9461,0.22
100.0,105.0,2.0,0.05,0.02,12.3573,11.2863,0.2201
100.0,110.0,2.0,0.05,0.02,10.5193,13.9725,0.2214
100.0,115.0,2.0,0.05,0.02,8.9969,16.9742,0.224
100.0,120.0,2.0,0.05,0.02,7.7519,20.2534,0.2275
100.0,80.0,3.0,0.05,0.02,30.3003,4.9805,0.256
100.0,85.0,3.0,0.05,0.02,27.1092,6.093,0.2487
100.0,90.0,3.0,0.05,0.02,24.1908,7.4781,0.2439
100.0,95.0,3.0,0.05,0.02,21.563,9.1538,0.241
100.0,100.0,3.0,0.05,0.02,19.2329,11.1273,0.24
100.0,105.0,3.0,0.05,0.02,17.1971,13.3949,0.2405
100.0,110.0,3.0,0.05,0.02,15.4417,15.9432,0.2423
100.0,115.0,3.0,0.05,0.02,13.9461,18.7511,0.2452
100.0,120.0,3.0,0.05,0.02,12.6849,21.7934,0.2491
