ticker,S,K,T,expiry,call_prijs,put_prijs,iv_markt,volume,openInterest
QQQ,742.03,695.0,0.0082,2026-10-05,48.38,0.05,0.6836,30.0,70.0
QQQ,742.03,696.0,0.0082,2026-10-05,50.67,0.05,0.8604,,1.0
QQQ,742.03,720.0,0.0082,2026-10-05,24.41,0.42,0.457,70.0,154.0
QQQ,742.03,723.0,0.0082,2026-10-05,19.04,0.59,0.3044,19.0,16.0
QQQ,742.03,725.0,0.0082,2026-10-05,18.64,0.74,0.3591,61.0,196.0
QQQ,742.03,728.0,0.0082,2026-10-05,14.88,0.96,0.2869,51.0,71.0
QQQ,742.03,729.0,0.0082,2026-10-05,12.41,1.03,0.2045,131.0,188.0
QQQ,742.03,730.0,0.0082,2026-10-05,14.31,1.15,0.3227,121.0,260.0
QQQ,742.03,731.0,0.0082,2026-10-05,14.3,1.42,0.3492,149.0,126.0
QQQ,742.03,732.0,0.0082,2026-10-05,12.83,1.46,0.3157,571.0,313.0
QQQ,742.03,733.0,0.0082,2026-10-05,12.27,1.65,0.3184,153.0,156.0
QQQ,742.03,734.0,0.0082,2026-10-05,11.85,1.95,0.3258,293.0,291.0
QQQ,742.03,735.0,0.0082,2026-10-05,10.84,2.04,0.3096,464.0,353.0
QQQ,742.03,736.0,0.0082,2026-10-05,9.45,2.3,0.2785,893.0,582.0
QQQ,742.03,737.0,0.0082,2026-10-05,8.75,2.64,0.2733,1819.0,491.0
QQQ,742.03,738.0,0.0082,2026-10-05,7.64,2.9,0.252,3806.0,558.0
QQQ,742.03,739.0,0.0082,2026-10-05,7.12,3.19,0.2522,3581.0,815.0
QQQ,742.03,740.0,0.0082,2026-10-05,6.69,3.47,0.2549,9018.0,1750.0
QQQ,742.03,741.0,0.0082,2026-10-05,6.08,3.84,0.2499,5563.0,969.0
QQQ,742.03,742.0,0.0082,2026-10-05,5.46,4.24,0.2436,7218.0,1037.0
QQQ,742.03,743.0,0.0082,2026-10-05,4.93,4.71,0.2398,5785.0,1471.0
QQQ,742.03,744.0,0.0082,2026-10-05,4.41,5.25,0.2353,5070.0,1140.0
QQQ,742.03,745.0,0.0082,2026-10-05,3.93,5.72,0.2313,10274.0,2317.0
QQQ,742.03,746.0,0.0082,2026-10-05,3.47,6.4,0.2269,3547.0,1139.0
QQQ,742.03,747.0,0.0082,2026-10-05,3.02,6.82,0.2217,4419.0,1072.0
QQQ,742.03,748.0,0.0082,2026-10-05,2.61,7.31,0.2168,4427.0,1249.0
QQQ,742.03,749.0,0.0082,2026-10-05,2.21,8.35,0.211,3832.0,845.0
QQQ,742.03,750.0,0.0082,2026-10-05,1.91,9.38,0.2082,13238.0,4039.0
QQQ,742.03,751.0,0.0082,2026-10-05,1.6,10.42,0.2036,2314.0,615.0
QQQ,742.03,752.0,0.0082,2026-10-05,1.34,11.48,0.1999,2686.0,531.0
QQQ,742.03,753.0,0.0082,2026-10-05,1.12,12.15,0.1969,8976.0,2158.0
QQQ,742.03,754.0,0.0082,2026-10-05,0.92,11.73,0.1935,2242.0,430.0
QQQ,742.03,755.0,0.0082,2026-10-05,0.74,14.01,0.1897,11923.0,13762.0
QQQ,742.03,756.0,0.0082,2026-10-05,0.6,13.96,0.1871,2746.0,1935.0
QQQ,742.03,757.0,0.0082,2026-10-05,0.49,,0.1854,3327.0,1322.0
QQQ,742.03,758.0,0.0082,2026-10-05,0.35,,0.1786,1977.0,889.0
QQQ,742.03,759.0,0.0082,2026-10-05,0.31,16.71,0.1811,2968.0,685.0
QQQ,742.03,760.0,0.0082,2026-10-05,0.25,17.67,0.1802,8810.0,13403.0
QQQ,742.03,761.0,0.0082,2026-10-05,0.2,,0.1792,1442.0,806.0
QQQ,742.03,762.0,0.0082,2026-10-05,0.16,18.23,0.1785,1056.0,1035.0
QQQ,742.03,763.0,0.0082,2026-10-05,0.12,,0.1762,451.0,919.0
QQQ,742.03,764.0,0.0082,2026-10-05,0.1,,0.1772,222.0,257.0
QQQ,742.03,765.0,0.0082,2026-10-05,0.07,23.72,0.1737,1067.0,1048.0
QQQ,742.03,766.0,0.0082,2026-10-05,0.06,,0.1756,244.0,383.0
QQQ,742.03,767.0,0.0082,2026-10-05,0.05,25.74,0.1768,857.0,1588.0
QQQ,742.03,768.0,0.0082,2026-10-05,0.04,,0.1771,434.0,713.0
QQQ,742.03,769.0,0.0082,2026-10-05,0.04,,0.1825,111.0,292.0
QQQ,742.03,770.0,0.0082,2026-10-05,0.03,26.91,0.1813,231.0,778.0
QQQ,742.03,771.0,0.0082,2026-10-05,0.04,33.75,0.1931,113.0,146.0
QQQ,742.03,772.0,0.0082,2026-10-05,0.02,,0.183,204.0,229.0
QQQ,742.03,773.0,0.0082,2026-10-05,0.03,,0.1967,208.0,123.0
QQQ,742.03,774.0,0.0082,2026-10-05,0.03,,0.2018,167.0,53.0
QQQ,742.03,775.0,0.0082,2026-10-05,0.02,35.25,0.1977,322.0,734.0
QQQ,742.03,780.0,0.0082,2026-10-05,0.02,32.45,0.2219,228.0,1359.0
QQQ,742.03,785.0,0.0082,2026-10-05,0.02,,0.2456,25.0,588.0
QQQ,742.03,790.0,0.0082,2026-10-05,0.01,,0.2515,23.0,88.0
QQQ,742.03,795.0,0.0082,2026-10-05,0.01,,0.2733,5.0,106.0
QQQ,742.03,800.0,0.0082,2026-10-05,0.01,,0.2948,8.0,100.0
QQQ,742.03,805.0,0.0082,2026-10-05,0.02,,0.3371,162.0,169.0
QQQ,742.03,815.0,0.0082,2026-10-05,0.02,,0.381,1044.0,95.0
QQQ,742.03,820.0,0.0082,2026-10-05,0.02,,0.4026,456.0,92.0
QQQ,742.03,825.0,0.0082,2026-10-05,0.02,,0.4239,1600.0,360.0
QQQ,742.03,830.0,0.0082,2026-10-05,0.01,,0.4184,1.0,239.0
QQQ,742.03,835.0,0.0082,2026-10-05,0.02,,0.4659,2074.0,341.0
QQQ,742.03,845.0,0.0082,2026-10-05,0.02,,0.507,,80.0
QQQ,742.03,855.0,0.0082,2026-10-05,0.02,,0.5473,,0.0
QQQ,742.03,860.0,0.0082,2026-10-05,0.02,,0.5672,,29.0
QQQ,742.03,865.0,0.0082,2026-10-05,0.02,,0.5869,,45.0
QQQ,742.03,870.0,0.0082,2026-10-05,0.02,,0.6064,,84.0
QQQ,742.03,875.0,0.0082,2026-10-05,0.02,,0.6258,,40.0
QQQ,742.03,880.0,0.0082,2026-10-05,0.02,,0.645,,20.0
QQQ,742.03,700.0,0.011,2026-10-06,44.34,0.14,0.625,68.0,70.0
QQQ,742.03,712.0,0.011,2026-10-06,31.52,0.36,0.4665,15.0,16.0
QQQ,742.03,720.0,0.011,2026-10-06,24.8,0.73,0.4335,20.0,42.0
QQQ,742.03,723.0,0.011,2026-10-06,21.88,0.91,0.4023,16.0,23.0
QQQ,742.03,725.0,0.011,2026-10-06,18.86,1.19,0.3408,13.0,43.0
QQQ,742.03,729.0,0.011,2026-10-06,15.6,1.75,0.3203,17.0,16.0
QQQ,742.03,730.0,0.011,2026-10-06,15.1,1.8,0.3253,342.0,253.0
QQQ,742.03,731.0,0.011,2026-10-06,13.92,1.91,0.3063,38.0,189.0
QQQ,742.03,732.0,0.011,2026-10-06,13.71,2.25,0.3201,81.0,349.0
QQQ,742.03,733.0,0.011,2026-10-06,12.2,2.51,0.2894,43.0,68.0
QQQ,742.03,734.0,0.011,2026-10-06,12.58,2.78,0.3217,230.0,64.0
QQQ,742.03,735.0,0.011,2026-10-06,10.26,2.81,0.2638,117.0,277.0
QQQ,742.03,736.0,0.011,2026-10-06,10.59,3.25,0.293,136.0,61.0
QQQ,742.03,737.0,0.011,2026-10-06,10.03,3.77,0.2923,341.0,172.0
QQQ,742.03,738.0,0.011,2026-10-06,9.0,3.72,0.2757,1013.0,1320.0
QQQ,742.03,739.0,0.011,2026-10-06,8.75,4.06,0.2839,1036.0,422.0
QQQ,742.03,740.0,0.011,2026-10-06,7.72,4.38,0.2662,2651.0,1692.0
QQQ,742.03,741.0,0.011,2026-10-06,6.93,4.97,0.2557,947.0,232.0
QQQ,742.03,742.0,0.011,2026-10-06,6.5,5.43,0.2561,1514.0,322.0
QQQ,742.03,743.0,0.011,2026-10-06,5.9,5.88,0.2503,1412.0,554.0
QQQ,742.03,744.0,0.011,2026-10-06,5.29,6.3,0.2434,1675.0,692.0
QQQ,742.03,745.0,0.011,2026-10-06,4.88,6.71,0.2424,1652.0,1046.0
QQQ,742.03,746.0,0.011,2026-10-06,4.41,7.62,0.2386,659.0,250.0
QQQ,742.03,747.0,0.011,2026-10-06,3.86,8.22,0.231,874.0,421.0
QQQ,742.03,748.0,0.011,2026-10-06,3.29,9.13,0.2216,1169.0,656.0
QQQ,742.03,749.0,0.011,2026-10-06,2.96,,0.22,296.0,208.0
QQQ,742.03,750.0,0.011,2026-10-06,2.62,9.37,0.217,2476.0,1394.0
QQQ,742.03,751.0,0.011,2026-10-06,2.5,,0.2221,405.0,233.0
QQQ,742.03,752.0,0.011,2026-10-06,1.98,10.86,0.2096,426.0,246.0
QQQ,742.03,753.0,0.011,2026-10-06,1.78,11.34,0.2097,285.0,179.0
QQQ,742.03,754.0,0.011,2026-10-06,1.47,,0.2035,178.0,209.0
QQQ,742.03,755.0,0.011,2026-10-06,1.29,13.7,0.2025,841.0,826.0
QQQ,742.03,756.0,0.011,2026-10-06,1.1,13.56,0.2,892.0,304.0
QQQ,742.03,757.0,0.011,2026-10-06,0.9,,0.1955,2117.0,1722.0
QQQ,742.03,758.0,0.011,2026-10-06,0.77,,0.1943,282.0,281.0
QQQ,742.03,759.0,0.011,2026-10-06,0.66,20.74,0.1933,142.0,141.0
QQQ,742.03,760.0,0.011,2026-10-06,0.54,18.0,0.1905,579.0,689.0
QQQ,742.03,761.0,0.011,2026-10-06,0.37,,0.1809,137.0,120.0
QQQ,742.03,762.0,0.011,2026-10-06,0.36,,0.1861,203.0,191.0
QQQ,742.03,763.0,0.011,2026-10-06,0.3,24.98,0.1852,350.0,526.0
QQQ,742.03,764.0,0.011,2026-10-06,0.25,,0.1845,84.0,107.0
QQQ,742.03,765.0,0.011,2026-10-06,0.18,,0.1793,201.0,545.0
QQQ,742.03,766.0,0.011,2026-10-06,0.14,,0.1771,42.0,264.0
QQQ,742.03,767.0,0.011,2026-10-06,0.11,,0.1756,21.0,73.0
QQQ,742.03,768.0,0.011,2026-10-06,0.1,,0.1782,77.0,130.0
QQQ,742.03,769.0,0.011,2026-10-06,0.09,,0.1804,72.0,95.0
QQQ,742.03,770.0,0.011,2026-10-06,0.07,,0.179,195.0,2599.0
QQQ,742.03,771.0,0.011,2026-10-06,0.11,,0.1961,17.0,87.0
QQQ,742.03,772.0,0.011,2026-10-06,0.05,,0.1804,22.0,106.0
QQQ,742.03,773.0,0.011,2026-10-06,0.03,,0.1739,18.0,75.0
QQQ,742.03,774.0,0.011,2026-10-06,0.03,,0.1783,5.0,142.0
QQQ,742.03,775.0,0.011,2026-10-06,0.04,,0.189,24.0,148.0
QQQ,742.03,780.0,0.011,2026-10-06,0.01,,0.1824,295.0,600.0
QQQ,742.03,785.0,0.011,2026-10-06,0.03,,0.2256,19.0,394.0
QQQ,742.03,790.0,0.011,2026-10-06,0.01,,0.2209,276.0,259.0
QQQ,742.03,795.0,0.011,2026-10-06,0.02,,0.2561,684.0,59.0
QQQ,742.03,800.0,0.011,2026-10-06,0.01,,0.2584,202.0,269.0
QQQ,742.03,805.0,0.011,2026-10-06,0.02,,0.2951,1.0,113.0
QQQ,742.03,810.0,0.011,2026-10-06,0.03,,0.3272,1.0,172.0
QQQ,742.03,815.0,0.011,2026-10-06,0.04,,0.3573,280.0,28.0
QQQ,742.03,825.0,0.011,2026-10-06,0.01,,0.348,992.0,79.0
QQQ,742.03,715.0,0.0137,2026-10-07,26.13,0.63,0.3177,10.0,64.0
QQQ,742.03,719.0,0.0137,2026-10-07,25.07,1.0,0.3917,16.0,17.0
QQQ,742.03,725.0,0.0137,2026-10-07,16.05,1.59,0.2256,16.0,13.0
QQQ,742.03,728.0,0.0137,2026-10-07,17.53,2.05,0.3426,20.0,254.0
QQQ,742.03,730.0,0.0137,2026-10-07,15.66,2.45,0.3231,18.0,178.0
QQQ,742.03,731.0,0.0137,2026-10-07,11.51,2.67,0.2141,20.0,92.0
QQQ,742.03,732.0,0.0137,2026-10-07,11.47,2.92,0.2325,10.0,16.0
QQQ,742.03,733.0,0.0137,2026-10-07,12.57,3.01,0.2837,3.0,156.0
QQQ,742.03,734.0,0.0137,2026-10-07,13.31,3.35,0.3223,18.0,66.0
QQQ,742.03,735.0,0.0137,2026-10-07,12.63,3.7,0.3184,490.0,180.0
QQQ,742.03,736.0,0.0137,2026-10-07,10.83,4.05,0.2814,88.0,256.0
QQQ,742.03,737.0,0.0137,2026-10-07,10.03,4.3,0.2733,674.0,197.0
QQQ,742.03,738.0,0.0137,2026-10-07,9.5,4.67,0.2726,1039.0,412.0
QQQ,742.03,739.0,0.0137,2026-10-07,8.82,4.78,0.267,1121.0,174.0
QQQ,742.03,740.0,0.0137,2026-10-07,8.36,5.11,0.2673,2008.0,2490.0
QQQ,742.03,741.0,0.0137,2026-10-07,7.87,5.57,0.2663,1266.0,467.0
QQQ,742.03,742.0,0.0137,2026-10-07,7.13,5.92,0.2574,819.0,185.0
QQQ,742.03,743.0,0.0137,2026-10-07,6.56,6.71,0.2529,631.0,460.0
QQQ,742.03,744.0,0.0137,2026-10-07,6.21,7.0,0.2544,346.0,368.0
QQQ,742.03,745.0,0.0137,2026-10-07,5.52,7.55,0.245,1234.0,690.0
QQQ,742.03,746.0,0.0137,2026-10-07,5.1,8.21,0.2432,200.0,198.0
QQQ,742.03,747.0,0.0137,2026-10-07,4.75,9.2,0.243,284.0,140.0
QQQ,742.03,748.0,0.0137,2026-10-07,4.0,9.16,0.2292,139.0,368.0
QQQ,742.03,749.0,0.0137,2026-10-07,3.91,,0.2361,152.0,117.0
QQQ,742.03,750.0,0.0137,2026-10-07,3.48,9.72,0.2313,1781.0,1184.0
QQQ,742.03,751.0,0.0137,2026-10-07,3.1,,0.2273,95.0,99.0
QQQ,742.03,752.0,0.0137,2026-10-07,2.68,10.89,0.2209,1019.0,1328.0
QQQ,742.03,753.0,0.0137,2026-10-07,2.55,,0.2245,90.0,126.0
QQQ,742.03,754.0,0.0137,2026-10-07,1.91,12.67,0.2072,116.0,134.0
QQQ,742.03,755.0,0.0137,2026-10-07,1.86,13.9,0.2129,2042.0,550.0
QQQ,742.03,756.0,0.0137,2026-10-07,1.81,18.15,0.2184,241.0,215.0
QQQ,742.03,757.0,0.0137,2026-10-07,1.72,,0.2219,394.0,256.0
QQQ,742.03,758.0,0.0137,2026-10-07,1.24,,0.2057,305.0,182.0
QQQ,742.03,759.0,0.0137,2026-10-07,0.92,,0.1946,266.0,272.0
QQQ,742.03,760.0,0.0137,2026-10-07,0.9,17.1,0.1999,580.0,1547.0
QQQ,742.03,761.0,0.0137,2026-10-07,0.77,,0.1979,303.0,246.0
QQQ,742.03,762.0,0.0137,2026-10-07,0.73,,0.2014,1287.0,979.0
QQQ,742.03,763.0,0.0137,2026-10-07,0.56,,0.1945,3302.0,3073.0
QQQ,742.03,764.0,0.0137,2026-10-07,0.58,,0.202,111.0,277.0
QQQ,742.03,765.0,0.0137,2026-10-07,0.37,,0.1883,836.0,1069.0
QQQ,742.03,766.0,0.0137,2026-10-07,0.29,,0.1846,124.0,206.0
QQQ,742.03,767.0,0.0137,2026-10-07,0.27,,0.1873,30.0,127.0
QQQ,742.03,768.0,0.0137,2026-10-07,0.22,,0.1854,95.0,421.0
QQQ,742.03,769.0,0.0137,2026-10-07,0.3,,0.2015,55.0,160.0
QQQ,742.03,770.0,0.0137,2026-10-07,0.13,,0.179,1202.0,1823.0
QQQ,742.03,771.0,0.0137,2026-10-07,0.18,,0.1935,67.0,383.0
QQQ,742.03,772.0,0.0137,2026-10-07,0.12,,0.186,53.0,114.0
QQQ,742.03,773.0,0.0137,2026-10-07,0.11,,0.1881,294.0,339.0
QQQ,742.03,774.0,0.0137,2026-10-07,0.1,,0.1899,78.0,143.0
QQQ,742.03,775.0,0.0137,2026-10-07,0.08,,0.1883,159.0,668.0
QQQ,742.03,780.0,0.0137,2026-10-07,0.03,,0.1859,100.0,504.0
QQQ,742.03,785.0,0.0137,2026-10-07,0.02,,0.1962,109.0,74.0
QQQ,742.03,790.0,0.0137,2026-10-07,0.02,,0.2142,60.0,179.0
QQQ,742.03,795.0,0.0137,2026-10-07,0.01,,0.2172,1520.0,82.0
QQQ,742.03,800.0,0.0137,2026-10-07,0.02,,0.2495,2048.0,2685.0
QQQ,742.03,810.0,0.0137,2026-10-07,0.01,,0.2664,720.0,80.0
QQQ,742.03,825.0,0.0137,2026-10-07,0.04,,0.3577,432.0,32.0
QQQ,742.03,830.0,0.0137,2026-10-07,0.02,,0.3503,800.0,29.0
QQQ,742.03,690.0,0.0164,2026-10-08,53.36,0.23,0.6024,,11.0
QQQ,742.03,715.0,0.0164,2026-10-08,28.95,1.08,0.4083,11.0,46.0
QQQ,742.03,729.0,0.0164,2026-10-08,14.03,2.85,0.2451,584.0,115.0
QQQ,742.03,730.0,0.0164,2026-10-08,15.96,2.92,0.3162,445.0,150.0
QQQ,742.03,731.0,0.0164,2026-10-08,15.88,3.24,0.33,23.0,21.0
QQQ,742.03,733.0,0.0164,2026-10-08,13.93,4.0,0.3077,330.0,96.0
QQQ,742.03,734.0,0.0164,2026-10-08,12.95,3.89,0.2961,550.0,136.0
QQQ,742.03,735.0,0.0164,2026-10-08,12.99,4.56,0.3114,574.0,308.0
QQQ,742.03,736.0,0.0164,2026-10-08,11.8,4.81,0.2935,359.0,117.0
QQQ,742.03,737.0,0.0164,2026-10-08,10.8,4.95,0.2804,1052.0,192.0
QQQ,742.03,739.0,0.0164,2026-10-08,9.68,5.48,0.2764,967.0,322.0
QQQ,742.03,740.0,0.0164,2026-10-08,9.06,5.85,0.2722,3088.0,1486.0
QQQ,742.03,741.0,0.0164,2026-10-08,8.64,6.23,0.2729,367.0,950.0
QQQ,742.03,742.0,0.0164,2026-10-08,8.04,7.15,0.2683,648.0,137.0
QQQ,742.03,743.0,0.0164,2026-10-08,7.55,7.28,0.2663,1161.0,492.0
QQQ,742.03,744.0,0.0164,2026-10-08,6.64,7.95,0.2523,715.0,331.0
QQQ,742.03,745.0,0.0164,2026-10-08,6.3,8.27,0.2534,660.0,574.0
QQQ,742.03,746.0,0.0164,2026-10-08,5.83,8.16,0.2504,166.0,196.0
QQQ,742.03,747.0,0.0164,2026-10-08,5.01,9.22,0.2368,290.0,239.0
QQQ,742.03,748.0,0.0164,2026-10-08,4.83,11.19,0.2409,291.0,211.0
QQQ,742.03,749.0,0.0164,2026-10-08,4.52,10.22,0.2409,165.0,69.0
QQQ,742.03,750.0,0.0164,2026-10-08,4.13,10.9,0.238,756.0,474.0
QQQ,742.03,751.0,0.0164,2026-10-08,3.68,10.96,0.2326,113.0,106.0
QQQ,742.03,752.0,0.0164,2026-10-08,3.22,21.44,0.226,140.0,60.0
QQQ,742.03,753.0,0.0164,2026-10-08,3.38,,0.2393,56.0,75.0
QQQ,742.03,754.0,0.0164,2026-10-08,2.86,22.73,0.2296,92.0,66.0
QQQ,742.03,755.0,0.0164,2026-10-08,2.51,17.87,0.2247,521.0,378.0
QQQ,742.03,756.0,0.0164,2026-10-08,2.34,,0.2257,76.0,110.0
QQQ,742.03,757.0,0.0164,2026-10-08,2.08,,0.2227,133.0,154.0
QQQ,742.03,758.0,0.0164,2026-10-08,1.7,,0.2138,157.0,251.0
QQQ,742.03,759.0,0.0164,2026-10-08,1.62,,0.2169,1158.0,1119.0
QQQ,742.03,760.0,0.0164,2026-10-08,1.43,,0.2147,168.0,606.0
QQQ,742.03,761.0,0.0164,2026-10-08,1.15,,0.2069,167.0,223.0
QQQ,742.03,762.0,0.0164,2026-10-08,1.08,20.66,0.2092,166.0,147.0
QQQ,742.03,763.0,0.0164,2026-10-08,0.79,,0.1978,248.0,201.0
QQQ,742.03,764.0,0.0164,2026-10-08,0.73,,0.1994,48.0,67.0
QQQ,742.03,765.0,0.0164,2026-10-08,0.62,,0.197,212.0,307.0
QQQ,742.03,766.0,0.0164,2026-10-08,0.52,,0.1944,25.0,177.0
QQQ,742.03,767.0,0.0164,2026-10-08,0.46,,0.1943,30.0,59.0
QQQ,742.03,768.0,0.0164,2026-10-08,0.37,,0.1906,202.0,223.0
QQQ,742.03,769.0,0.0164,2026-10-08,0.33,,0.1911,61.0,92.0
QQQ,742.03,770.0,0.0164,2026-10-08,0.29,,0.1912,344.0,578.0
QQQ,742.03,771.0,0.0164,2026-10-08,0.22,,0.1864,28.0,68.0
QQQ,742.03,772.0,0.0164,2026-10-08,0.19,,0.1862,97.0,342.0
QQQ,742.03,773.0,0.0164,2026-10-08,0.15,,0.1834,149.0,511.0
QQQ,742.03,774.0,0.0164,2026-10-08,0.13,,0.1836,84.0,180.0
QQQ,742.03,775.0,0.0164,2026-10-08,0.11,,0.1831,121.0,351.0
QQQ,742.03,780.0,0.0164,2026-10-08,0.07,,0.191,62.0,833.0
QQQ,742.03,785.0,0.0164,2026-10-08,0.03,,0.1898,10.0,289.0
QQQ,742.03,790.0,0.0164,2026-10-08,0.03,,0.2068,24.0,130.0
QQQ,742.03,805.0,0.0164,2026-10-08,0.1,,0.2945,,8.0
QQQ,742.03,810.0,0.0164,2026-10-08,0.02,,0.2618,731.0,89.0
QQQ,742.03,825.0,0.0164,2026-10-08,0.01,,0.289,100.0,52.0
QQQ,742.03,830.0,0.0164,2026-10-08,0.02,,0.3223,1200.0,88.0
QQQ,742.03,835.0,0.0164,2026-10-08,0.02,,0.3371,20.0,173.0
QQQ,742.03,840.0,0.0164,2026-10-08,0.02,,0.3517,1068.0,40.0
QQQ,742.03,845.0,0.0164,2026-10-08,0.02,,0.3661,100.0,
QQQ,742.03,555.0,0.0192,2026-10-09,185.43,0.03,1.3936,,225.0
QQQ,742.03,650.0,0.0192,2026-10-09,94.07,0.08,0.9142,47.0,67.0
QQQ,742.03,655.0,0.0192,2026-10-09,87.47,0.1,0.8065,10.0,25.0
QQQ,742.03,660.0,0.0192,2026-10-09,84.13,0.11,0.8404,45.0,78.0
QQQ,742.03,690.0,0.0192,2026-10-09,50.48,0.33,0.4697,13.0,75.0
QQQ,742.03,695.0,0.0192,2026-10-09,48.55,0.43,0.5474,13.0,58.0
QQQ,742.03,700.0,0.0192,2026-10-09,44.5,0.54,0.5382,28.0,1217.0
QQQ,742.03,701.0,0.0192,2026-10-09,39.17,0.59,0.3797,1.0,143.0
QQQ,742.03,703.0,0.0192,2026-10-09,37.98,0.67,0.3958,10.0,61.0
QQQ,742.03,705.0,0.0192,2026-10-09,38.78,0.73,0.474,7.0,389.0
QQQ,742.03,706.0,0.0192,2026-10-09,35.92,0.78,0.4056,3.0,229.0
QQQ,742.03,707.0,0.0192,2026-10-09,37.28,0.78,0.4728,4.0,120.0
QQQ,742.03,709.0,0.0192,2026-10-09,36.82,0.86,0.5015,15.0,151.0
QQQ,742.03,710.0,0.0192,2026-10-09,34.95,1.02,0.4672,107.0,1131.0
QQQ,742.03,711.0,0.0192,2026-10-09,32.16,0.97,0.4049,1.0,160.0
QQQ,742.03,712.0,0.0192,2026-10-09,33.49,1.13,0.4653,1.0,669.0
QQQ,742.03,713.0,0.0192,2026-10-09,29.93,1.16,0.3811,10.0,134.0
QQQ,742.03,714.0,0.0192,2026-10-09,28.42,1.26,0.3572,6.0,128.0
QQQ,742.03,715.0,0.0192,2026-10-09,29.56,1.35,0.4118,118.0,1047.0
QQQ,742.03,716.0,0.0192,2026-10-09,29.49,1.44,0.4291,28.0,423.0
QQQ,742.03,717.0,0.0192,2026-10-09,28.27,1.39,0.4138,47.0,405.0
QQQ,742.03,718.0,0.0192,2026-10-09,27.35,1.53,0.4068,2.0,346.0
QQQ,742.03,719.0,0.0192,2026-10-09,26.8,1.56,0.4098,6.0,577.0
QQQ,742.03,720.0,0.0192,2026-10-09,25.48,1.79,0.3917,41.0,1391.0
QQQ,742.03,721.0,0.0192,2026-10-09,20.4,1.95,0.268,3.0,526.0
QQQ,742.03,722.0,0.0192,2026-10-09,24.23,2.11,0.3927,9.0,360.0
QQQ,742.03,723.0,0.0192,2026-10-09,22.86,2.23,0.3731,30.0,231.0
QQQ,742.03,724.0,0.0192,2026-10-09,22.41,2.3,0.3777,8.0,324.0
QQQ,742.03,725.0,0.0192,2026-10-09,21.56,2.55,0.3716,77.0,1391.0
QQQ,742.03,726.0,0.0192,2026-10-09,20.6,2.8,0.3625,12.0,181.0
QQQ,742.03,727.0,0.0192,2026-10-09,18.48,2.99,0.3233,11.0,204.0
QQQ,742.03,728.0,0.0192,2026-10-09,18.59,3.17,0.3415,155.0,441.0
QQQ,742.03,729.0,0.0192,2026-10-09,18.15,3.0,0.3452,32.0,373.0
QQQ,742.03,730.0,0.0192,2026-10-09,17.2,3.55,0.3357,769.0,1972.0
QQQ,742.03,731.0,0.0192,2026-10-09,16.13,3.79,0.3229,19.0,430.0
QQQ,742.03,732.0,0.0192,2026-10-09,15.21,3.82,0.3138,38.0,452.0
QQQ,742.03,733.0,0.0192,2026-10-09,14.38,4.27,0.3067,17.0,559.0
QQQ,742.03,734.0,0.0192,2026-10-09,14.13,4.45,0.3137,78.0,1816.0
QQQ,742.03,735.0,0.0192,2026-10-09,13.52,4.73,0.3114,599.0,1987.0
QQQ,742.03,736.0,0.0192,2026-10-09,13.35,5.14,0.3197,332.0,656.0
QQQ,742.03,737.0,0.0192,2026-10-09,12.2,5.26,0.3035,405.0,332.0
QQQ,742.03,738.0,0.0192,2026-10-09,11.0,5.75,0.2859,1780.0,1160.0
QQQ,742.03,739.0,0.0192,2026-10-09,10.63,6.22,0.2883,3684.0,2917.0
QQQ,742.03,740.0,0.0192,2026-10-09,9.93,6.4,0.2822,6541.0,3140.0
QQQ,742.03,741.0,0.0192,2026-10-09,9.4,6.85,0.2799,2382.0,1330.0
QQQ,742.03,742.0,0.0192,2026-10-09,8.95,7.2,0.2793,2189.0,627.0
QQQ,742.03,743.0,0.0192,2026-10-09,8.37,7.87,0.2751,2167.0,1036.0
QQQ,742.03,744.0,0.0192,2026-10-09,7.55,8.33,0.2644,3037.0,1182.0
QQQ,742.03,745.0,0.0192,2026-10-09,7.29,8.55,0.2675,7679.0,3753.0
QQQ,742.03,746.0,0.0192,2026-10-09,6.25,9.48,0.25,2350.0,1380.0
QQQ,742.03,747.0,0.0192,2026-10-09,6.27,10.01,0.2596,2873.0,2143.0
QQQ,742.03,748.0,0.0192,2026-10-09,5.55,10.52,0.2493,2445.0,6641.0
QQQ,742.03,749.0,0.0192,2026-10-09,5.21,11.51,0.2487,2121.0,885.0
QQQ,742.03,750.0,0.0192,2026-10-09,4.96,11.34,0.2501,16539.0,9080.0
QQQ,742.03,751.0,0.0192,2026-10-09,4.35,12.25,0.241,2326.0,1426.0
QQQ,742.03,752.0,0.0192,2026-10-09,4.02,12.69,0.2392,2421.0,2172.0
QQQ,742.03,753.0,0.0192,2026-10-09,3.75,12.75,0.2388,1837.0,1836.0
QQQ,742.03,754.0,0.0192,2026-10-09,3.32,13.28,0.2329,23511.0,20514.0
QQQ,742.03,755.0,0.0192,2026-10-09,3.1,14.89,0.2331,3690.0,3381.0
QQQ,742.03,756.0,0.0192,2026-10-09,2.79,,0.2298,1617.0,1325.0
QQQ,742.03,757.0,0.0192,2026-10-09,2.54,20.33,0.228,1385.0,896.0
QQQ,742.03,758.0,0.0192,2026-10-09,2.3,22.34,0.2259,1024.0,935.0
QQQ,742.03,759.0,0.0192,2026-10-09,2.06,,0.2233,1484.0,689.0
QQQ,742.03,760.0,0.0192,2026-10-09,1.84,18.45,0.2208,5543.0,9486.0
QQQ,742.03,761.0,0.0192,2026-10-09,1.65,20.11,0.2189,1934.0,784.0
QQQ,742.03,762.0,0.0192,2026-10-09,1.35,,0.2113,1840.0,855.0
QQQ,742.03,763.0,0.0192,2026-10-09,1.17,23.07,0.2081,1030.0,659.0
QQQ,742.03,764.0,0.0192,2026-10-09,1.07,30.19,0.2084,1223.0,588.0
QQQ,742.03,765.0,0.0192,2026-10-09,0.97,23.49,0.2082,2496.0,1868.0
QQQ,742.03,766.0,0.0192,2026-10-09,0.83,26.06,0.2051,1234.0,998.0
QQQ,742.03,767.0,0.0192,2026-10-09,0.69,,0.2011,706.0,632.0
QQQ,742.03,768.0,0.0192,2026-10-09,0.64,29.73,0.2024,1050.0,926.0
QQQ,742.03,769.0,0.0192,2026-10-09,0.6,,0.2043,772.0,619.0
QQQ,742.03,770.0,0.0192,2026-10-09,0.5,26.75,0.201,2710.0,3748.0
QQQ,742.03,771.0,0.0192,2026-10-09,0.45,28.08,0.2011,447.0,478.0
QQQ,742.03,772.0,0.0192,2026-10-09,0.39,29.18,0.1999,683.0,612.0
QQQ,742.03,773.0,0.0192,2026-10-09,0.31,32.96,0.1956,235.0,219.0
QQQ,742.03,774.0,0.0192,2026-10-09,0.26,31.56,0.1937,344.0,343.0
QQQ,742.03,775.0,0.0192,2026-10-09,0.24,32.15,0.1951,1147.0,1755.0
QQQ,742.03,780.0,0.0192,2026-10-09,0.13,36.24,0.1957,789.0,3299.0
QQQ,742.03,785.0,0.0192,2026-10-09,0.06,43.0,0.1933,754.0,5749.0
QQQ,742.03,790.0,0.0192,2026-10-09,0.05,53.26,0.2055,302.0,1391.0
QQQ,742.03,795.0,0.0192,2026-10-09,0.04,,0.2162,328.0,1439.0
QQQ,742.03,800.0,0.0192,2026-10-09,0.02,,0.2158,278.0,996.0
QQQ,742.03,805.0,0.0192,2026-10-09,0.02,,0.2304,381.0,1223.0
QQQ,742.03,810.0,0.0192,2026-10-09,0.01,,0.2297,180.0,349.0
QQQ,742.03,815.0,0.0192,2026-10-09,0.04,,0.2777,281.0,121.0
QQQ,742.03,820.0,0.0192,2026-10-09,0.01,,0.2566,1.0,252.0
QQQ,742.03,825.0,0.0192,2026-10-09,0.03,,0.2985,5.0,118.0
QQQ,742.03,830.0,0.0192,2026-10-09,0.01,,0.2829,10.0,124.0
QQQ,742.03,835.0,0.0192,2026-10-09,0.01,,0.2959,1.0,158.0
QQQ,742.03,840.0,0.0192,2026-10-09,0.02,,0.3279,20.0,163.0
QQQ,742.03,845.0,0.0192,2026-10-09,0.02,,0.3413,770.0,233.0
QQQ,742.03,850.0,0.0192,2026-10-09,0.01,104.84,0.334,3.0,112.0
QQQ,742.03,860.0,0.0192,2026-10-09,0.01,114.78,0.3588,11.0,538.0
QQQ,742.03,870.0,0.0192,2026-10-09,0.01,,0.3832,160.0,120.0
QQQ,742.03,880.0,0.0192,2026-10-09,0.01,,0.4072,320.0,94.0
QQQ,742.03,885.0,0.0192,2026-10-09,0.02,,0.4439,,63.0
QQQ,742.03,890.0,0.0192,2026-10-09,0.01,,0.4308,,50.0
QQQ,742.03,895.0,0.0192,2026-10-09,0.02,,0.4684,,40.0
QQQ,742.03,905.0,0.0192,2026-10-09,0.02,,0.4926,,29.0
QQQ,742.03,910.0,0.0192,2026-10-09,0.02,,0.5045,,10.0
QQQ,742.03,915.0,0.0192,2026-10-09,0.03,,0.5349,,0.0
QQQ,742.03,920.0,0.0192,2026-10-09,0.02,,0.5281,,0.0
QQQ,742.03,950.0,0.0192,2026-10-09,0.02,,0.5968,,4.0
QQQ,742.03,540.0,0.0383,2026-10-16,196.82,0.05,1.1464,1.0,236.0
QQQ,742.03,550.0,0.0383,2026-10-16,188.35,0.05,1.1627,3.0,131.0
QQQ,742.03,560.0,0.0383,2026-10-16,180.71,0.07,1.2014,1.0,104.0
QQQ,742.03,565.0,0.0383,2026-10-16,178.65,0.06,1.2771,2.0,159.0
QQQ,742.03,575.0,0.0383,2026-10-16,164.54,0.12,1.0683,51.0,142.0
QQQ,742.03,580.0,0.0383,2026-10-16,164.62,0.13,1.2149,2.0,414.0
QQQ,742.03,590.0,0.0383,2026-10-16,148.09,0.11,0.9275,2.0,289.0
QQQ,742.03,595.0,0.0383,2026-10-16,148.97,0.15,1.1011,39.0,219.0
QQQ,742.03,600.0,0.0383,2026-10-16,144.05,0.14,1.0728,164.0,496.0
QQQ,742.03,605.0,0.0383,2026-10-16,134.83,0.17,0.9079,15.0,361.0
QQQ,742.03,610.0,0.0383,2026-10-16,136.35,0.17,1.0773,1.0,285.0
QQQ,742.03,615.0,0.0383,2026-10-16,123.5,0.24,0.8063,1.0,478.0
QQQ,742.03,620.0,0.0383,2026-10-16,122.46,0.2,0.9044,2.0,409.0
QQQ,742.03,625.0,0.0383,2026-10-16,115.88,0.23,0.8279,2.0,1809.0
QQQ,742.03,630.0,0.0383,2026-10-16,114.48,0.28,0.9014,28.0,1038.0
QQQ,742.03,632.0,0.0383,2026-10-16,111.04,,0.8497,,2.0
QQQ,742.03,635.0,0.0383,2026-10-16,108.36,0.3,0.8406,17.0,293.0
QQQ,742.03,638.0,0.0383,2026-10-16,95.11,0.36,0.466,,2.0
QQQ,742.03,640.0,0.0383,2026-10-16,102.82,0.32,0.7959,42.0,331.0
QQQ,742.03,645.0,0.0383,2026-10-16,99.43,0.35,0.8082,29.0,327.0
QQQ,742.03,650.0,0.0383,2026-10-16,93.66,0.4,0.758,16.0,1682.0
QQQ,742.03,655.0,0.0383,2026-10-16,88.26,0.49,0.7176,179.0,947.0
QQQ,742.03,656.0,0.0383,2026-10-16,81.02,0.68,0.5387,69.0,107.0
QQQ,742.03,660.0,0.0383,2026-10-16,83.62,0.5,0.6963,77.0,1057.0
QQQ,742.03,665.0,0.0383,2026-10-16,74.18,0.6,0.5531,2.0,483.0
QQQ,742.03,670.0,0.0383,2026-10-16,75.02,0.67,0.6677,50.0,668.0
QQQ,742.03,672.0,0.0383,2026-10-16,72.13,0.72,0.6347,2.0,122.0
QQQ,742.03,675.0,0.0383,2026-10-16,66.68,0.78,0.5588,5.0,519.0
QQQ,742.03,677.0,0.0383,2026-10-16,63.65,0.83,0.5221,2.0,163.0
QQQ,742.03,680.0,0.0383,2026-10-16,61.08,0.91,0.5147,11.0,1506.0
QQQ,742.03,683.0,0.0383,2026-10-16,60.41,1.01,0.5497,1.0,119.0
QQQ,742.03,685.0,0.0383,2026-10-16,59.48,1.06,0.5606,3.0,1129.0
QQQ,742.03,686.0,0.0383,2026-10-16,59.08,1.1,0.5671,3.0,118.0
QQQ,742.03,689.0,0.0383,2026-10-16,57.22,1.21,0.5715,13.0,231.0
QQQ,742.03,690.0,0.0383,2026-10-16,54.74,1.24,0.5339,7.0,2668.0
QQQ,742.03,691.0,0.0383,2026-10-16,55.66,1.3,0.5673,12.0,108.0
QQQ,742.03,692.0,0.0383,2026-10-16,48.5,1.34,0.4294,1.0,318.0
QQQ,742.03,693.0,0.0383,2026-10-16,47.46,1.39,0.4224,1.0,150.0
QQQ,742.03,694.0,0.0383,2026-10-16,52.5,1.45,0.5439,4.0,117.0
QQQ,742.03,695.0,0.0383,2026-10-16,50.74,1.42,0.5217,5.0,1183.0
QQQ,742.03,696.0,0.0383,2026-10-16,45.23,1.55,0.4209,20.0,105.0
QQQ,742.03,698.0,0.0383,2026-10-16,43.93,1.7,0.4232,2.0,325.0
QQQ,742.03,699.0,0.0383,2026-10-16,47.5,1.74,0.5099,4.0,120.0
QQQ,742.03,700.0,0.0383,2026-10-16,45.0,1.8,0.4732,60.0,10145.0
QQQ,742.03,701.0,0.0383,2026-10-16,44.58,1.91,0.478,24.0,257.0
QQQ,742.03,702.0,0.0383,2026-10-16,43.75,1.92,0.4745,22.0,267.0
QQQ,742.03,703.0,0.0383,2026-10-16,42.84,1.93,0.4694,52.0,245.0
QQQ,742.03,704.0,0.0383,2026-10-16,41.73,1.97,0.4603,19.0,250.0
QQQ,742.03,705.0,0.0383,2026-10-16,41.85,2.17,0.4751,53.0,4198.0
QQQ,742.03,706.0,0.0383,2026-10-16,40.86,2.21,0.4683,8.0,627.0
QQQ,742.03,707.0,0.0383,2026-10-16,39.82,2.44,0.4604,27.0,1065.0
QQQ,742.03,708.0,0.0383,2026-10-16,38.68,2.52,0.4506,57.0,1319.0
QQQ,742.03,709.0,0.0383,2026-10-16,38.04,2.65,0.4503,34.0,1317.0
QQQ,742.03,710.0,0.0383,2026-10-16,37.25,2.74,0.447,94.0,5395.0
QQQ,742.03,711.0,0.0383,2026-10-16,35.98,2.71,0.4347,109.0,768.0
QQQ,742.03,712.0,0.0383,2026-10-16,35.3,2.87,0.4334,140.0,8845.0
QQQ,742.03,713.0,0.0383,2026-10-16,33.97,3.08,0.4198,206.0,1452.0
QQQ,742.03,714.0,0.0383,2026-10-16,32.86,3.35,0.4104,201.0,2617.0
QQQ,742.03,715.0,0.0383,2026-10-16,31.53,3.39,0.3969,646.0,7346.0
QQQ,742.03,716.0,0.0383,2026-10-16,31.35,3.32,0.4045,208.0,1530.0
QQQ,742.03,717.0,0.0383,2026-10-16,30.26,3.65,0.3953,232.0,2285.0
QQQ,742.03,718.0,0.0383,2026-10-16,28.87,3.82,0.3806,169.0,9301.0
QQQ,742.03,719.0,0.0383,2026-10-16,28.56,4.1,0.3854,157.0,3201.0
QQQ,742.03,720.0,0.0383,2026-10-16,27.48,4.1,0.3762,548.0,18975.0
QQQ,742.03,721.0,0.0383,2026-10-16,26.67,4.11,0.3718,175.0,2017.0
QQQ,742.03,722.0,0.0383,2026-10-16,26.08,4.52,0.3713,137.0,1083.0
QQQ,742.03,723.0,0.0383,2026-10-16,25.37,4.74,0.3685,148.0,1487.0
QQQ,742.03,724.0,0.0383,2026-10-16,24.52,4.79,0.363,178.0,1717.0
QQQ,742.03,725.0,0.0383,2026-10-16,24.07,5.04,0.3646,194.0,10163.0
QQQ,742.03,726.0,0.0383,2026-10-16,23.79,5.34,0.369,89.0,2155.0
QQQ,742.03,727.0,0.0383,2026-10-16,22.26,5.76,0.3512,175.0,1871.0
QQQ,742.03,728.0,0.0383,2026-10-16,22.38,5.67,0.3624,257.0,2278.0
QQQ,742.03,729.0,0.0383,2026-10-16,21.3,5.88,0.3524,146.0,1534.0
QQQ,742.03,730.0,0.0383,2026-10-16,19.93,6.34,0.3371,623.0,16566.0
QQQ,742.03,731.0,0.0383,2026-10-16,19.73,6.68,0.3423,172.0,2863.0
QQQ,742.03,732.0,0.0383,2026-10-16,19.68,7.03,0.3499,56.0,1314.0
QQQ,742.03,733.0,0.0383,2026-10-16,17.9,6.87,0.327,160.0,1760.0
QQQ,742.03,734.0,0.0383,2026-10-16,17.3,7.62,0.3247,3521.0,4425.0
QQQ,742.03,735.0,0.0383,2026-10-16,16.73,7.65,0.3228,962.0,11056.0
QQQ,742.03,736.0,0.0383,2026-10-16,16.15,8.27,0.3206,929.0,1418.0
QQQ,742.03,737.0,0.0383,2026-10-16,15.16,8.37,0.3109,367.0,975.0
QQQ,742.03,738.0,0.0383,2026-10-16,14.59,8.91,0.3085,696.0,1814.0
QQQ,742.03,739.0,0.0383,2026-10-16,14.87,9.33,0.321,660.0,2777.0
QQQ,742.03,740.0,0.0383,2026-10-16,13.59,9.48,0.3057,7732.0,27657.0
QQQ,742.03,741.0,0.0383,2026-10-16,13.57,10.01,0.3126,1184.0,1426.0
QQQ,742.03,742.0,0.0383,2026-10-16,12.23,10.35,0.2957,1346.0,1915.0
QQQ,742.03,743.0,0.0383,2026-10-16,11.9,10.86,0.2967,976.0,2245.0
QQQ,742.03,744.0,0.0383,2026-10-16,11.08,11.63,0.2887,855.0,2262.0
QQQ,742.03,745.0,0.0383,2026-10-16,10.75,11.65,0.2893,6124.0,15061.0
QQQ,742.03,746.0,0.0383,2026-10-16,9.57,12.55,0.2741,1777.0,4590.0
QQQ,742.03,747.0,0.0383,2026-10-16,9.55,12.83,0.2801,1097.0,3183.0
QQQ,742.03,748.0,0.0383,2026-10-16,8.6,13.3,0.2685,1509.0,3558.0
QQQ,742.03,749.0,0.0383,2026-10-16,8.5,13.09,0.2727,988.0,2041.0
QQQ,742.03,750.0,0.0383,2026-10-16,8.22,14.81,0.2733,11514.0,40053.0
QQQ,742.03,751.0,0.0383,2026-10-16,7.52,14.9,0.2656,1168.0,1277.0
QQQ,742.03,752.0,0.0383,2026-10-16,7.01,15.06,0.2612,1835.0,5129.0
QQQ,742.03,753.0,0.0383,2026-10-16,6.82,15.89,0.2631,833.0,1453.0
QQQ,742.03,754.0,0.0383,2026-10-16,6.26,16.0,0.2572,1657.0,730.0
QQQ,742.03,755.0,0.0383,2026-10-16,6.1,16.26,0.2593,4956.0,21379.0
QQQ,742.03,756.0,0.0383,2026-10-16,5.62,17.59,0.2544,2055.0,6694.0
QQQ,742.03,757.0,0.0383,2026-10-16,5.28,18.56,0.2522,1554.0,3412.0
QQQ,742.03,758.0,0.0383,2026-10-16,4.84,18.79,0.2475,1182.0,1660.0
QQQ,742.03,759.0,0.0383,2026-10-16,4.54,19.93,0.2457,1561.0,2078.0
QQQ,742.03,760.0,0.0383,2026-10-16,4.36,20.9,0.2464,11178.0,79605.0
QQQ,742.03,761.0,0.0383,2026-10-16,3.91,18.8,0.2404,1194.0,1431.0
QQQ,742.03,762.0,0.0383,2026-10-16,3.95,21.88,0.2461,1221.0,939.0
QQQ,742.03,763.0,0.0383,2026-10-16,3.4,22.38,0.2368,1119.0,1763.0
QQQ,742.03,764.0,0.0383,2026-10-16,3.25,23.49,0.2373,627.0,1317.0
QQQ,742.03,765.0,0.0383,2026-10-16,2.93,23.8,0.233,4024.0,11080.0
QQQ,742.03,766.0,0.0383,2026-10-16,2.78,24.8,0.2331,1214.0,1772.0
QQQ,742.03,767.0,0.0383,2026-10-16,2.62,25.68,0.2328,643.0,899.0
QQQ,742.03,768.0,0.0383,2026-10-16,2.28,25.79,0.2266,1115.0,1010.0
QQQ,742.03,769.0,0.0383,2026-10-16,2.12,25.37,0.2256,923.0,1034.0
QQQ,742.03,770.0,0.0383,2026-10-16,1.99,27.56,0.2252,3197.0,30826.0
QQQ,742.03,771.0,0.0383,2026-10-16,1.89,29.29,0.2257,432.0,1483.0
QQQ,742.03,772.0,0.0383,2026-10-16,1.65,30.2,0.221,350.0,2280.0
QQQ,742.03,773.0,0.0383,2026-10-16,1.51,,0.2194,283.0,1380.0
QQQ,742.03,774.0,0.0383,2026-10-16,1.42,31.85,0.2195,845.0,2222.0
QQQ,742.03,775.0,0.0383,2026-10-16,1.3,33.29,0.2181,6642.0,41135.0
QQQ,742.03,780.0,0.0383,2026-10-16,0.82,37.81,0.212,1774.0,11414.0
QQQ,742.03,785.0,0.0383,2026-10-16,0.5,44.76,0.2067,1173.0,20286.0
QQQ,742.03,790.0,0.0383,2026-10-16,0.33,54.08,0.206,484.0,3929.0
QQQ,742.03,795.0,0.0383,2026-10-16,0.2,55.43,0.2034,233.0,4517.0
QQQ,742.03,800.0,0.0383,2026-10-16,0.12,57.68,0.2015,1007.0,23099.0
QQQ,742.03,805.0,0.0383,2026-10-16,0.08,58.6,0.203,18.0,2916.0
QQQ,742.03,810.0,0.0383,2026-10-16,0.06,95.9,0.2073,76.0,2874.0
QQQ,742.03,815.0,0.0383,2026-10-16,0.03,69.71,0.2028,2.0,2012.0
QQQ,742.03,820.0,0.0383,2026-10-16,0.04,78.56,0.2194,146.0,5012.0
QQQ,742.03,825.0,0.0383,2026-10-16,0.03,82.68,0.2232,55.0,7417.0
QQQ,742.03,830.0,0.0383,2026-10-16,0.04,93.0,0.24,311.0,2703.0
QQQ,742.03,835.0,0.0383,2026-10-16,0.02,90.11,0.234,126.0,1885.0
QQQ,742.03,840.0,0.0383,2026-10-16,0.02,119.21,0.2435,91.0,3714.0
QQQ,742.03,845.0,0.0383,2026-10-16,0.02,124.21,0.2529,240.0,1667.0
QQQ,742.03,850.0,0.0383,2026-10-16,0.02,106.89,0.2622,13.0,7159.0
QQQ,742.03,855.0,0.0383,2026-10-16,0.03,111.87,0.2818,560.0,664.0
QQQ,742.03,860.0,0.0383,2026-10-16,0.03,116.69,0.2912,1200.0,850.0
QQQ,742.03,865.0,0.0383,2026-10-16,0.01,117.53,0.2733,1200.0,1005.0
QQQ,742.03,870.0,0.0383,2026-10-16,0.01,133.19,0.2818,240.0,356.0
QQQ,742.03,875.0,0.0383,2026-10-16,0.03,159.0,0.319,1.0,285.0
QQQ,742.03,880.0,0.0383,2026-10-16,0.02,142.16,0.3164,320.0,1339.0
QQQ,742.03,885.0,0.0383,2026-10-16,0.03,147.88,0.3371,261.0,3333.0
QQQ,742.03,890.0,0.0383,2026-10-16,0.02,158.15,0.3339,520.0,290.0
QQQ,742.03,895.0,0.0383,2026-10-16,0.02,163.63,0.3425,440.0,462.0
QQQ,742.03,900.0,0.0383,2026-10-16,0.01,180.3,0.3317,1.0,17805.0
QQQ,742.03,905.0,0.0383,2026-10-16,0.03,,0.3725,15.0,208.0
QQQ,742.03,910.0,0.0383,2026-10-16,0.03,197.64,0.3812,720.0,571.0
QQQ,742.03,915.0,0.0383,2026-10-16,0.02,197.51,0.3763,360.0,267.0
QQQ,742.03,920.0,0.0383,2026-10-16,0.01,231.25,0.3638,930.0,6492.0
QQQ,742.03,925.0,0.0383,2026-10-16,0.04,210.18,0.4175,630.0,893.0
QQQ,742.03,930.0,0.0383,2026-10-16,0.01,215.2,0.3794,224.0,144.0
QQQ,742.03,935.0,0.0383,2026-10-16,0.03,217.65,0.4236,300.0,81.0
QQQ,742.03,940.0,0.0383,2026-10-16,0.02,222.69,0.4172,60.0,659.0
QQQ,742.03,945.0,0.0383,2026-10-16,0.01,,0.4025,120.0,225.0
QQQ,742.03,950.0,0.0383,2026-10-16,0.01,,0.41,1.0,907.0
QQQ,742.03,960.0,0.0383,2026-10-16,0.03,,0.4644,20.0,0.0
QQQ,742.03,970.0,0.0383,2026-10-16,0.02,257.63,0.4643,10.0,15745.0
QQQ,742.03,975.0,0.0383,2026-10-16,0.18,,0.5823,12.0,98.0
QQQ,742.03,980.0,0.0383,2026-10-16,0.05,,0.5191,86.0,0.0
QQQ,742.03,1010.0,0.0383,2026-10-16,0.05,,0.5667,122.0,0.0
QQQ,742.03,1025.0,0.0383,2026-10-16,0.08,319.35,0.6162,,50.0
QQQ,742.03,1035.0,0.0383,2026-10-16,0.06,329.38,0.6151,,50.0
QQQ,742.03,1040.0,0.0383,2026-10-16,0.05,334.35,0.6125,30.0,0.0
QQQ,742.03,1050.0,0.0383,2026-10-16,0.04,,0.6152,100.0,0.0
QQQ,742.03,1075.0,0.0383,2026-10-16,0.02,,0.6153,10.0,687.0
QQQ,742.03,1080.0,0.0383,2026-10-16,0.04,337.45,0.6581,412.0,0.0
QQQ,742.03,1085.0,0.0383,2026-10-16,0.03,342.43,0.6494,15.0,8716.0
QQQ,742.03,510.0,0.0575,2026-10-23,235.94,0.08,1.5472,20.0,20.0
QQQ,742.03,585.0,0.0575,2026-10-23,154.98,0.25,0.9656,10.0,11.0
QQQ,742.03,675.0,0.0575,2026-10-23,71.16,1.46,0.6085,10.0,21.0
QQQ,742.03,695.0,0.0575,2026-10-23,52.52,2.6,0.5132,12.0,119.0
QQQ,742.03,698.0,0.0575,2026-10-23,45.44,2.97,0.4307,22.0,13.0
QQQ,742.03,700.0,0.0575,2026-10-23,47.18,3.14,0.4773,4.0,521.0
QQQ,742.03,701.0,0.0575,2026-10-23,42.17,3.85,0.4087,2.0,158.0
QQQ,742.03,702.0,0.0575,2026-10-23,41.39,3.42,0.4062,4.0,288.0
QQQ,742.03,703.0,0.0575,2026-10-23,40.28,3.47,0.3984,2.0,354.0
QQQ,742.03,704.0,0.0575,2026-10-23,46.8,4.02,0.5076,6.0,133.0
QQQ,742.03,705.0,0.0575,2026-10-23,40.25,3.62,0.4166,1.0,242.0
QQQ,742.03,706.0,0.0575,2026-10-23,38.05,3.68,0.3921,4.0,220.0
QQQ,742.03,707.0,0.0575,2026-10-23,36.47,3.73,0.377,2.0,275.0
QQQ,742.03,708.0,0.0575,2026-10-23,36.97,3.83,0.3937,4.0,273.0
QQQ,742.03,709.0,0.0575,2026-10-23,36.25,4.09,0.3916,2.0,324.0
QQQ,742.03,710.0,0.0575,2026-10-23,39.0,4.26,0.4415,21.0,562.0
QQQ,742.03,711.0,0.0575,2026-10-23,32.83,4.38,0.3575,2.0,387.0
QQQ,742.03,712.0,0.0575,2026-10-23,37.43,4.34,0.4347,4.0,169.0
QQQ,742.03,713.0,0.0575,2026-10-23,35.16,4.73,0.4092,2.0,213.0
QQQ,742.03,714.0,0.0575,2026-10-23,35.9,4.92,0.4283,8.0,266.0
QQQ,742.03,715.0,0.0575,2026-10-23,35.21,4.87,0.4261,31.0,473.0
QQQ,742.03,716.0,0.0575,2026-10-23,32.95,5.05,0.4008,2.0,364.0
QQQ,742.03,717.0,0.0575,2026-10-23,32.5,5.41,0.402,12.0,357.0
QQQ,742.03,718.0,0.0575,2026-10-23,31.32,6.52,0.3925,12.0,99.0
QQQ,742.03,719.0,0.0575,2026-10-23,30.75,5.87,0.3919,17.0,131.0
QQQ,742.03,720.0,0.0575,2026-10-23,31.11,6.16,0.4047,54.0,698.0
QQQ,742.03,721.0,0.0575,2026-10-23,29.51,6.31,0.3888,55.0,359.0
QQQ,742.03,722.0,0.0575,2026-10-23,28.87,6.26,0.3869,74.0,344.0
QQQ,742.03,723.0,0.0575,2026-10-23,27.8,6.74,0.3787,78.0,456.0
QQQ,742.03,724.0,0.0575,2026-10-23,27.15,8.17,0.3765,17.0,30.0
QQQ,742.03,725.0,0.0575,2026-10-23,26.38,7.22,0.3724,17.0,405.0
QQQ,742.03,727.0,0.0575,2026-10-23,24.86,7.96,0.3644,17.0,209.0
QQQ,742.03,729.0,0.0575,2026-10-23,23.71,7.97,0.3614,24.0,291.0
QQQ,742.03,730.0,0.0575,2026-10-23,23.52,8.76,0.3653,31.0,666.0
QQQ,742.03,731.0,0.0575,2026-10-23,23.09,8.61,0.3657,5.0,189.0
QQQ,742.03,732.0,0.0575,2026-10-23,22.39,9.87,0.362,1.0,194.0
QQQ,742.03,733.0,0.0575,2026-10-23,21.41,9.82,0.3542,3.0,110.0
QQQ,742.03,734.0,0.0575,2026-10-23,20.66,10.11,0.3497,30.0,91.0
QQQ,742.03,735.0,0.0575,2026-10-23,20.02,9.98,0.3466,75.0,585.0
QQQ,742.03,736.0,0.0575,2026-10-23,18.72,10.84,0.3338,334.0,416.0
QQQ,742.03,737.0,0.0575,2026-10-23,17.91,10.37,0.3281,183.0,353.0
QQQ,742.03,738.0,0.0575,2026-10-23,17.45,11.26,0.3273,385.0,341.0
QQQ,742.03,739.0,0.0575,2026-10-23,17.4,11.3,0.3324,86.0,433.0
QQQ,742.03,740.0,0.0575,2026-10-23,16.7,12.09,0.3279,479.0,3389.0
QQQ,742.03,741.0,0.0575,2026-10-23,15.15,12.66,0.3106,117.0,174.0
QQQ,742.03,742.0,0.0575,2026-10-23,15.05,12.54,0.3147,58.0,504.0
QQQ,742.03,743.0,0.0575,2026-10-23,14.4,13.05,0.3105,44.0,242.0
QQQ,742.03,744.0,0.0575,2026-10-23,13.82,13.26,0.3072,48.0,200.0
QQQ,742.03,745.0,0.0575,2026-10-23,13.29,13.58,0.3045,295.0,1193.0
QQQ,742.03,746.0,0.0575,2026-10-23,13.22,14.01,0.3087,49.0,837.0
QQQ,742.03,747.0,0.0575,2026-10-23,12.17,14.9,0.2978,60.0,228.0
QQQ,742.03,748.0,0.0575,2026-10-23,12.13,15.06,0.3023,22.0,230.0
QQQ,742.03,749.0,0.0575,2026-10-23,11.3,15.0,0.2944,23.0,558.0
QQQ,742.03,750.0,0.0575,2026-10-23,10.95,16.23,0.2939,306.0,1502.0
QQQ,742.03,751.0,0.0575,2026-10-23,8.62,16.85,0.2612,11.0,157.0
QQQ,742.03,752.0,0.0575,2026-10-23,9.54,20.97,0.2809,64.0,317.0
QQQ,742.03,753.0,0.0575,2026-10-23,9.64,17.32,0.2872,279.0,579.0
QQQ,742.03,754.0,0.0575,2026-10-23,8.96,18.08,0.2807,14.0,152.0
QQQ,742.03,755.0,0.0575,2026-10-23,8.52,19.62,0.2779,533.0,7461.0
QQQ,742.03,756.0,0.0575,2026-10-23,7.98,20.11,0.2732,23.0,195.0
QQQ,742.03,757.0,0.0575,2026-10-23,7.6,20.38,0.271,44.0,208.0
QQQ,742.03,758.0,0.0575,2026-10-23,7.4,20.41,0.2718,122.0,255.0
QQQ,742.03,759.0,0.0575,2026-10-23,6.98,21.6,0.2687,9.0,386.0
QQQ,742.03,760.0,0.0575,2026-10-23,6.55,22.7,0.2651,2911.0,4205.0
QQQ,742.03,761.0,0.0575,2026-10-23,6.11,23.37,0.2611,38.0,515.0
QQQ,742.03,762.0,0.0575,2026-10-23,5.68,24.08,0.2569,1838.0,942.0
QQQ,742.03,763.0,0.0575,2026-10-23,5.65,23.99,0.2603,70.0,393.0
QQQ,742.03,764.0,0.0575,2026-10-23,5.16,25.5,0.2546,85.0,402.0
QQQ,742.03,765.0,0.0575,2026-10-23,4.96,24.86,0.2545,873.0,1583.0
QQQ,742.03,766.0,0.0575,2026-10-23,4.57,27.05,0.2502,144.0,535.0
QQQ,742.03,767.0,0.0575,2026-10-23,4.38,27.74,0.2499,91.0,347.0
QQQ,742.03,768.0,0.0575,2026-10-23,4.12,28.04,0.2479,104.0,769.0
QQQ,742.03,769.0,0.0575,2026-10-23,3.74,29.66,0.2431,88.0,218.0
QQQ,742.03,770.0,0.0575,2026-10-23,3.82,30.36,0.2484,889.0,1525.0
QQQ,742.03,771.0,0.0575,2026-10-23,3.39,31.64,0.2419,117.0,547.0
QQQ,742.03,772.0,0.0575,2026-10-23,3.14,,0.2392,35.0,385.0
QQQ,742.03,773.0,0.0575,2026-10-23,2.97,,0.2383,67.0,144.0
QQQ,742.03,774.0,0.0575,2026-10-23,2.75,33.83,0.2359,117.0,477.0
QQQ,742.03,775.0,0.0575,2026-10-23,2.71,34.56,0.2381,442.0,3589.0
QQQ,742.03,780.0,0.0575,2026-10-23,1.86,37.82,0.2287,832.0,3213.0
QQQ,742.03,785.0,0.0575,2026-10-23,1.19,42.37,0.2184,1061.0,7017.0
QQQ,742.03,790.0,0.0575,2026-10-23,0.92,49.74,0.2193,82.0,4921.0
QQQ,742.03,795.0,0.0575,2026-10-23,0.61,54.06,0.2142,66.0,1782.0
QQQ,742.03,800.0,0.0575,2026-10-23,0.44,63.38,0.2134,149.0,1643.0
QQQ,742.03,805.0,0.0575,2026-10-23,0.31,62.44,0.2124,55.0,516.0
QQQ,742.03,810.0,0.0575,2026-10-23,0.21,63.25,0.2106,116.0,2092.0
QQQ,742.03,815.0,0.0575,2026-10-23,0.16,,0.2127,146.0,370.0
QQQ,742.03,820.0,0.0575,2026-10-23,0.11,103.89,0.2121,30.0,626.0
QQQ,742.03,825.0,0.0575,2026-10-23,0.1,,0.2187,72.0,267.0
QQQ,742.03,830.0,0.0575,2026-10-23,0.08,,0.222,42.0,225.0
QQQ,742.03,835.0,0.0575,2026-10-23,0.07,,0.2273,54.0,42.0
QQQ,742.03,840.0,0.0575,2026-10-23,0.05,,0.2276,216.0,146.0
QQQ,742.03,845.0,0.0575,2026-10-23,0.02,128.85,0.2159,20.0,157.0
QQQ,742.03,850.0,0.0575,2026-10-23,0.02,133.82,0.2235,160.0,558.0
QQQ,742.03,860.0,0.0575,2026-10-23,0.03,143.82,0.2474,1285.0,125.0
QQQ,742.03,870.0,0.0575,2026-10-23,0.03,153.82,0.2626,520.0,165.0
QQQ,742.03,880.0,0.0575,2026-10-23,0.01,163.84,0.2527,528.0,172.0
QQQ,742.03,885.0,0.0575,2026-10-23,0.02,168.81,0.2748,1180.0,45.0
QQQ,742.03,895.0,0.0575,2026-10-23,0.02,178.81,0.2889,40.0,35.0
QQQ,742.03,905.0,0.0575,2026-10-23,0.01,,0.2862,,16.0
QQQ,742.03,910.0,0.0575,2026-10-23,0.04,,0.3292,21.0,45.0
QQQ,742.03,920.0,0.0575,2026-10-23,0.01,,0.3057,,10.0
QQQ,742.03,935.0,0.0575,2026-10-23,0.03,,0.3552,,2.0
